SiteCode,Year,conductivity,pH,temperature,dissolved_oxygen
CAMO_P_KID0300,2022,,,,
CAMO_P_LEW0308,2016,1041.3333333333333,7.59,15.266666666666666,
CAMO_P_QUA0302,2016,,,,
CAMO_P_QUA0302,2022,,,,
DEVA_P_ANV0292,2017,,,,
DEVA_P_ANV0292,2025,1120.0,7.429999999999999,12.799999999999999,5.676666666666667
DEVA_P_ARR0137,2018,,,,
DEVA_P_ARR0137,2019,,,,
DEVA_P_ARR0137,2020,,,,
DEVA_P_ARR0137,2021,,,,
DEVA_P_ARR0137,2022,,,,
DEVA_P_ARR0137,2023,,,,
DEVA_P_ARR0137,2024,,,,
DEVA_P_ARR0137,2025,,,,
DEVA_P_BEN0606,2018,2645.6666666666665,3.9533333333333336,17.0,8.796666666666667
DEVA_P_BEN0606,2019,3372.6666666666665,3.523333333333333,16.566666666666666,9.19
DEVA_P_BEN0606,2020,2844.0,3.5300000000000002,16.4,10.45
DEVA_P_BEN0606,2021,2902.0,6.84,16.766666666666666,1.06
DEVA_P_BEN0606,2022,3578.3333333333335,5.0,11.7,2.726666666666667
DEVA_P_BEN0606,2023,2747.0,4.663333333333334,9.4,2.6333333333333333
DEVA_P_BEN0606,2024,,,,
DEVA_P_BEN0606,2025,2495.3333333333335,5.59,20.3,3.8933333333333335
DEVA_P_BIG0819,2017,,,,
DEVA_P_BIG0819,2020,1741.3333333333333,7.13,7.3999999999999995,0.8433333333333334
DEVA_P_BIG0819,2025,1781.3333333333333,7.133333333333333,1.1,1.76
DEVA_P_BOT0781,2017,490.0,8.19,9.673333333333332,9.733333333333333
DEVA_P_BOT0781,2018,506.0,6.1433333333333335,7.933333333333334,
DEVA_P_BOT0781,2019,520.0,7.91,9.4,8.1
DEVA_P_BOT0781,2021,501.55,7.8999999999999995,8.549999999999999,8.598333333333333
DEVA_P_BOT0781,2022,518.0,8.05,6.3,9.21
DEVA_P_BOT0781,2023,498.4666666666667,7.929999999999999,7.3,3.6999999999999997
DEVA_P_BOT0781,2024,5.3,8.16,7.8,8.913333333333334
DEVA_P_BRI0274,2017,,,,
DEVA_P_BRI0274,2020,,,,
DEVA_P_BRI0274,2024,,,,
DEVA_P_BUC0588,2018,23029.0,8.936666666666666,9.573333333333334,
DEVA_P_BUC0588,2025,,,,
DEVA_P_BUC0994,2017,411.0,7.66,0.7566666666666667,2.5766666666666667
DEVA_P_BUC0994,2020,396.8,6.83,4.7,2.296666666666667
DEVA_P_BUC0994,2024,,,,
DEVA_P_BUR0315,2017,546.0,7.663333333333333,10.883333333333335,
DEVA_P_BUR0315,2018,,,,
DEVA_P_BUR0315,2020,492.43333333333334,7.483333333333333,3.6,6.883333333333333
DEVA_P_BUR0315,2021,587.3333333333334,7.219999999999999,11.8,0.8399999999999999
DEVA_P_BUR0315,2022,,,,
DEVA_P_BUR0315,2023,1112.0,7.070000000000001,12.3,3.6466666666666665
DEVA_P_BUR0315,2024,,,,
DEVA_P_BUS0232,2018,,,,
DEVA_P_BUS0232,2025,,,,
DEVA_P_COR0991,2017,569.0,8.5,18.98,
DEVA_P_COR0991,2025,602.0,7.92,20.0,7.2700000000000005
DEVA_P_COT0794,2018,462.6666666666667,8.176666666666666,17.366666666666667,5.733333333333333
DEVA_P_COT0794,2025,515.0,7.679999999999999,15.700000000000001,6.45
DEVA_P_COW0160,2018,1739.6666666666667,7.610000000000001,19.966666666666665,2.1933333333333334
DEVA_P_COW0160,2025,,,,
DEVA_P_CUR0123,2017,613.6666666666666,8.15,12.386666666666667,8.703333333333333
DEVA_P_CUR0123,2018,616.6666666666666,7.67,7.733333333333333,6.873333333333333
DEVA_P_CUR0123,2019,600.0,7.59,,11.360000000000001
DEVA_P_CUR0123,2020,585.0,7.2700000000000005,12.6,6.860000000000001
DEVA_P_CUR0123,2021,584.6666666666666,8.28,17.2,14.370000000000001
DEVA_P_CUR0123,2022,611.0,7.21,12.3,5.32
DEVA_P_CUR0123,2023,705.0,7.4399999999999995,18.1,6.723333333333334
DEVA_P_CUR0123,2024,889.0,7.070000000000001,16.4,2.8866666666666667
DEVA_P_DAR0526,2017,592.0,7.843333333333334,22.4,5.683333333333334
DEVA_P_DAR0526,2020,577.6666666666666,7.509999999999999,21.566666666666666,5.69
DEVA_P_DAR0526,2025,616.6666666666666,7.280000000000001,18.8,5.69
DEVA_P_EAS0201,2018,,,,
DEVA_P_EAS0201,2025,,,,
DEVA_P_FER0624,2018,1253.6666666666667,7.863333333333333,7.723333333333334,
DEVA_P_FIV0002,2017,505.6666666666667,7.466666666666666,8.4,5.223333333333333
DEVA_P_FIV0002,2025,582.0,7.45,19.7,2.45
DEVA_P_FLY0494,2017,,,,
DEVA_P_FLY0494,2020,,,,
DEVA_P_FLY0494,2025,726.0,7.5633333333333335,12.6,6.8100000000000005
DEVA_P_GNO0081,2018,,,,
DEVA_P_GNO0081,2019,,8.396666666666668,16.333333333333332,
DEVA_P_GNO0081,2020,73060.0,8.12,13.299999999999999,6.83
DEVA_P_GNO0081,2021,78041.66666666667,8.07,19.0,5.626666666666667
DEVA_P_GNO0081,2022,78158.0,7.969999999999999,16.2,6.58
DEVA_P_GNO0081,2023,80212.66666666667,8.16,13.466666666666667,7.490000000000001
DEVA_P_GNO0081,2024,83679.66666666667,8.18,15.0,2.6233333333333335
DEVA_P_GNO0081,2025,76640.0,7.986666666666667,14.299999999999999,8.566666666666666
DEVA_P_GRA0378,2018,,,,
DEVA_P_GRA0378,2019,,,,
DEVA_P_GRA0378,2020,,,,
DEVA_P_GRA0378,2021,,,,
DEVA_P_GRA0378,2022,,,,
DEVA_P_GRA0378,2023,,,,
DEVA_P_GRA0378,2024,,,,
DEVA_P_GRA0378,2025,,,,
DEVA_P_GRE0191,2018,,,,
DEVA_P_GRE0191,2019,,,,
DEVA_P_GRE0191,2020,,,,
DEVA_P_GRE0191,2021,,,,
DEVA_P_GRE0191,2022,,,,
DEVA_P_GRE0191,2023,,,,
DEVA_P_GRE0191,2024,,,,
DEVA_P_GRE0191,2025,,,,
DEVA_P_GRE0679,2018,933.6666666666666,7.7299999999999995,8.866666666666667,6.01
DEVA_P_GRE0679,2020,904.0,7.42,11.8,5.8966666666666665
DEVA_P_GRE0679,2025,770.0,7.88,12.9,7.7700000000000005
DEVA_P_GRU0291,2017,,,,
DEVA_P_GRU0291,2025,584.0,7.1899999999999995,11.9,4.56
DEVA_P_HAL0809,2017,614.6666666666666,7.8500000000000005,19.266666666666666,7.033333333333334
DEVA_P_HAL0809,2020,624.0,7.586666666666666,18.3,5.583333333333333
DEVA_P_HAL0809,2025,581.3333333333334,7.509999999999999,18.7,6.92
DEVA_P_HAW0358,2017,,7.403333333333332,11.333333333333334,14.206666666666665
DEVA_P_HAW0358,2025,91032.0,7.1033333333333335,11.9,9.196666666666665
DEVA_P_HOH0419,2018,,,,
DEVA_P_HOL0706,2017,1533.3333333333333,8.43,13.666666666666666,
DEVA_P_HOL0706,2025,1630.0,8.7,14.166666666666666,15.846666666666666
DEVA_P_HUM0793,2017,,,,
DEVA_P_HUM0793,2018,446.8666666666667,8.036666666666667,11.0,1.19
DEVA_P_HUM0793,2019,428.6666666666667,8.143333333333334,7.7,8.503333333333334
DEVA_P_HUM0793,2020,462.1,7.743333333333334,9.8,3.0933333333333333
DEVA_P_HUM0793,2021,466.5,7.509999999999999,11.1,
DEVA_P_HUM0793,2022,464.8333333333333,7.53,11.4,0.05999999999999999
DEVA_P_HUM0793,2023,481.0,7.366666666666667,11.1,1.5566666666666666
DEVA_P_HUM0793,2024,,,,
DEVA_P_HUN0486,2017,753.0,7.543333333333333,9.313333333333333,6.490000000000001
DEVA_P_HUN0486,2024,528.0,7.88,5.2,8.65
DEVA_P_HUN0746,2017,,,,
DEVA_P_HUN0746,2020,719.0,8.38,16.1,8.08
DEVA_P_HUN0746,2025,736.0,8.13,12.9,8.24
DEVA_P_JAC0129,2017,,,,
DEVA_P_JAC0129,2020,,,,
DEVA_P_JAC0129,2024,,7.1066666666666665,9.533333333333333,8.3
DEVA_P_JAC0135,2017,,7.913333333333333,17.47,
DEVA_P_JAC0135,2020,645.0,7.429999999999999,18.4,0.99
DEVA_P_JAC0135,2024,943.0,7.266666666666667,10.066666666666666,3.5
DEVA_P_JAC0189,2017,,,,
DEVA_P_JAC0189,2020,,,,
DEVA_P_JAC0189,2025,553.0,7.490000000000001,14.5,5.276666666666667
DEVA_P_JAC0441,2017,,,,
DEVA_P_JAC0441,2020,,,,
DEVA_P_JAC0441,2024,755.0,6.716666666666666,13.1,2.066666666666667
DEVA_P_JAC0512,2017,,,,
DEVA_P_JAC0512,2024,427.23333333333335,8.29,8.4,7.969999999999999
DEVA_P_JAC0687,2017,683.3333333333334,7.663333333333334,7.9399999999999995,6.696666666666667
DEVA_P_JAC0687,2020,,,,
DEVA_P_JAC0687,2024,505.6666666666667,7.316666666666666,6.6000000000000005,5.3933333333333335
DEVA_P_JAC0770,2017,,,,
DEVA_P_JAC0770,2024,,,,
DEVA_P_JAY0708,2017,697.6666666666666,8.473333333333334,11.4,1.1366666666666665
DEVA_P_JAY0708,2020,,,,
DEVA_P_JAY0708,2024,,,,
DEVA_P_KEA1037,2018,,,,
DEVA_P_KEA1037,2025,,,,
DEVA_P_LAN0040,2018,,,,
DEVA_P_LAN0040,2025,,,,
DEVA_P_LCM0255,2018,424.3333333333333,7.846666666666668,16.0,12.026666666666666
DEVA_P_LCM0255,2020,420.90000000000003,7.820000000000001,15.6,7.679999999999999
DEVA_P_LCM0255,2021,394.3,7.746666666666667,16.6,7.493333333333334
DEVA_P_LCM0255,2022,428.73333333333335,7.9399999999999995,16.9,7.623333333333333
DEVA_P_LCM0255,2023,414.3,7.83,15.4,7.7700000000000005
DEVA_P_LCM0255,2024,418.20000000000005,8.040000000000001,15.35,7.969999999999999
DEVA_P_LIG0765,2017,,,,
DEVA_P_LIG0765,2020,,,,
DEVA_P_LIT0005,2017,374.0,7.073333333333334,14.200000000000001,3.476666666666667
DEVA_P_LIT0005,2019,364.3,7.9399999999999995,11.1,9.76
DEVA_P_LIT0005,2020,356.2,7.756666666666666,3.9333333333333336,8.276666666666666
DEVA_P_LIT0005,2021,363.6666666666667,7.29,9.3,9.23
DEVA_P_LIT0005,2022,377.5,8.063333333333333,10.4,7.05
DEVA_P_LIT0005,2023,473.09999999999997,7.16,9.566666666666666,7.05
DEVA_P_LIT0005,2024,478.90000000000003,6.9799999999999995,11.6,5.886666666666667
DEVA_P_LIT0005,2025,676.2,7.08,12.9,8.156666666666668
DEVA_P_LOG0713,2017,247.0,8.323333333333334,3.21,7.92
DEVA_P_LOG0713,2020,237.8,7.0,2.0,3.8
DEVA_P_LOG0713,2024,244.93333333333334,6.903333333333333,9.4,5.823333333333334
DEVA_P_LOS0228,2017,,,,
DEVA_P_LOS0228,2025,494.8333333333333,7.326666666666667,22.2,5.443333333333333
DEVA_P_LOS0390,2018,2261.3333333333335,8.306666666666667,19.2,8.846666666666668
DEVA_P_LOS0390,2019,2607.3333333333335,8.743333333333334,17.0,10.203333333333333
DEVA_P_LOS0390,2020,2181.0,8.68,16.8,9.9
DEVA_P_LOS0390,2021,1739.6666666666667,7.92,17.1,8.503333333333334
DEVA_P_LOS0390,2022,1747.6666666666667,7.79,14.799999999999999,7.610000000000001
DEVA_P_LOS0390,2023,1878.0,7.59,14.200000000000001,7.55
DEVA_P_LOS0390,2024,2160.3333333333335,8.69,18.1,10.053333333333335
DEVA_P_LOS0390,2025,1881.3333333333333,7.92,13.4,9.03
DEVA_P_MAI0406,2018,1785.6666666666667,7.9399999999999995,20.583333333333332,7.2700000000000005
DEVA_P_MAI0406,2025,1759.3333333333333,8.12,10.4,10.91
DEVA_P_MAL0719,2017,744.3333333333334,9.1,6.2,11.336666666666666
DEVA_P_MAL0719,2020,826.0,8.483333333333333,1.8,12.01
DEVA_P_MAL0719,2025,699.0,8.29,4.4,12.09
DEVA_P_MCD0281,2017,742.0,8.113333333333333,7.67,1.22
DEVA_P_MCD0281,2018,728.6666666666666,7.55,19.4,4.36
DEVA_P_MCD0281,2019,760.3333333333334,7.156666666666667,15.333333333333334,1.1400000000000001
DEVA_P_MCD0281,2020,784.0,7.1000000000000005,6.8999999999999995,0.29
DEVA_P_MCD0281,2021,733.6666666666666,7.030000000000001,13.700000000000001,0.5366666666666667
DEVA_P_MCD0281,2022,738.3333333333334,7.073333333333334,9.7,0.029999999999999995
DEVA_P_MCD0281,2023,1391.0,6.969999999999999,12.2,0.3366666666666667
DEVA_P_MCD0281,2025,966.0,7.09,2.6,0.6766666666666667
DEVA_P_MCL0673,2018,9723.666666666666,7.639999999999999,16.8,0.6233333333333334
DEVA_P_MCL0673,2025,,,,
DEVA_P_MES0218,2018,1340.6666666666667,8.129999999999999,20.7,8.58
DEVA_P_MES0218,2025,1434.3333333333333,7.5600000000000005,22.8,8.4
DEVA_P_MIL0084,2018,,,,
DEVA_P_MIL0084,2025,516.0,7.3999999999999995,13.166666666666666,7.303333333333334
DEVA_P_NAV0054,2018,1225.0,8.82,19.47,
DEVA_P_NAV0054,2025,918.3333333333334,8.256666666666666,16.9,8.9
DEVA_P_NEE0438,2025,466.09999999999997,7.009999999999999,15.1,7.42
DEVA_P_NEL0651,2017,,,,
DEVA_P_NEL0651,2018,,,,
DEVA_P_NEL0651,2019,,,,
DEVA_P_NEL0651,2020,,,,
DEVA_P_NEL0651,2021,,,,
DEVA_P_NEL0651,2022,,,,
DEVA_P_NEL0651,2024,763.0,6.5600000000000005,8.2,1.0933333333333333
DEVA_P_NOG0740,2017,600.6666666666666,8.486666666666668,17.3,8.166666666666666
DEVA_P_NOG0740,2020,,,,
DEVA_P_NOG0740,2025,624.0,8.043333333333333,17.7,8.15
DEVA_P_OWL0057,2018,,,,
DEVA_P_PAN0418,2018,2325.6666666666665,7.616666666666667,15.633333333333333,7.71
DEVA_P_PAN0418,2019,2474.0,8.22,11.0,10.08
DEVA_P_PAN0418,2020,2204.0,7.45,14.5,7.58
DEVA_P_PAN0418,2021,2119.0,7.42,15.2,7.220666666666666
DEVA_P_PAN0418,2022,2322.0,7.54,14.9,7.009999999999999
DEVA_P_PAN0418,2023,2653.0,7.11,15.2,6.786666666666666
DEVA_P_PAN0418,2024,19.176666666666666,7.71,17.1,8.5
DEVA_P_PAN0418,2025,2110.0,7.639999999999999,16.0,8.61
DEVA_P_POP0642,2017,1001.3333333333334,7.66,18.266666666666666,5.316666666666666
DEVA_P_POP0642,2018,932.6666666666666,7.62,18.6,5.76
DEVA_P_POP0642,2019,915.0,7.3,19.9,3.8233333333333333
DEVA_P_POP0642,2020,922.0,7.42,18.6,4.0
DEVA_P_POP0642,2021,863.6666666666666,7.320000000000001,18.9,0.23999999999999996
DEVA_P_POP0642,2022,977.6666666666666,7.206666666666666,17.9,2.273333333333333
DEVA_P_POP0642,2023,1078.6666666666667,7.21,17.733333333333334,4.113333333333333
DEVA_P_POP0642,2024,989.3333333333334,7.246666666666667,18.7,4.423333333333333
DEVA_P_RAB0482,2017,,,,
DEVA_P_RAB0482,2020,,,,
DEVA_P_RAB0482,2024,513.6666666666666,7.546666666666666,1.0,8.106666666666667
DEVA_P_SAL0168,2017,,,,
DEVA_P_SAL0168,2020,,,,
DEVA_P_SAL0168,2024,138000.0,7.516666666666667,10.533333333333333,3.11
DEVA_P_SAL0194,2018,,,,
DEVA_P_SAL0194,2019,,,,
DEVA_P_SAL0194,2020,,,,
DEVA_P_SAL0194,2021,3032.3333333333335,7.92,15.6,6.983333333333333
DEVA_P_SAL0194,2022,3232.3333333333335,8.12,16.8,7.2700000000000005
DEVA_P_SAL0194,2023,4061.0,8.14,12.2,9.31
DEVA_P_SAL0194,2024,4912.333333333333,8.08,19.9,5.92
DEVA_P_SAL0194,2025,11271.666666666666,8.106666666666667,15.9,3.476666666666667
DEVA_P_SAN0298,2018,1427.3333333333333,6.626666666666667,10.466666666666667,4.97
DEVA_P_SAN0298,2025,1435.0,6.796666666666666,6.6000000000000005,8.126666666666667
DEVA_P_SCO0301,2018,,,,
DEVA_P_SCO0301,2025,,,,
DEVA_P_SED1050,2018,,,,
DEVA_P_SED1050,2025,,,,
DEVA_P_SHR0202,2018,2432.3333333333335,8.446666666666665,18.166666666666668,9.629999999999999
DEVA_P_SHR0202,2019,3406.3333333333335,8.379999999999999,14.566666666666668,8.793333333333333
DEVA_P_SHR0202,2020,2495.3333333333335,7.953333333333334,15.7,8.06
DEVA_P_SHR0202,2021,2342.0,7.960000000000001,16.2,8.34
DEVA_P_SHR0202,2022,2239.0,7.97,16.6,8.14
DEVA_P_SHR0202,2023,2423.6666666666665,7.903333333333334,14.4,8.493333333333334
DEVA_P_SHR0202,2024,2636.3333333333335,8.07,16.1,8.81
DEVA_P_SHR0202,2025,,8.36,11.9,9.813333333333334
DEVA_P_SIS0800,2017,,,,
DEVA_P_SIS0800,2018,,,,
DEVA_P_SIS0800,2019,,,,
DEVA_P_SIS0800,2021,,,,
DEVA_P_SIS0800,2022,,,,
DEVA_P_SIS0800,2023,501.0,6.9399999999999995,9.9,4.19
DEVA_P_SIS0800,2024,470.06666666666666,7.219999999999999,8.1,5.3566666666666665
DEVA_P_SUR0633,2018,,,,
DEVA_P_SUR0633,2025,,,,
DEVA_P_TJO0644,2017,,,,
DEVA_P_TJO0644,2020,,,,
DEVA_P_TJO0644,2025,760.0,8.5,15.4,8.92
DEVA_P_TRI0099,2018,,,,
DEVA_P_TWO0630,2018,,,,
DEVA_P_VAL0380,2018,,,,
DEVA_P_VAL0380,2025,,,,
DEVA_P_VIR0042,2018,1516.0,10.03,16.62333333333333,
DEVA_P_VIR0042,2025,3804.0,9.97,11.0,4.706666666666667
DEVA_P_WAG0635,2017,2458.0,7.0200000000000005,18.203333333333333,0.0
DEVA_P_WAG0635,2020,2185.0,6.67,13.799999999999999,0.05999999999999999
DEVA_P_WAG0635,2025,2385.3333333333335,6.493333333333334,10.9,1.95
DEVA_P_WAU0763,2017,1334.0,7.639999999999999,10.95,7.376666666666667
DEVA_P_WAU0763,2020,1287.0,7.490000000000001,11.1,8.18
DEVA_P_WAU0763,2024,1234.0,7.09,10.4,7.610000000000001
DEVA_P_WAU0880,2017,1090.0,7.343333333333333,11.606666666666667,1.83
DEVA_P_WAU0880,2018,942.0,6.723333333333334,9.8,2.2866666666666666
DEVA_P_WAU0880,2019,1053.0,7.110000000000001,13.833333333333334,0.04666666666666667
DEVA_P_WAU0880,2020,1500.0,7.55,15.366666666666667,1.2366666666666666
DEVA_P_WAU0880,2021,970.0,7.2299999999999995,14.6,0.0
DEVA_P_WAU0880,2022,981.3333333333334,7.296666666666666,9.5,0.4066666666666666
DEVA_P_WAU0880,2023,1006.0,6.79,12.799999999999999,0.05999999999999999
DEVA_P_WAU0880,2024,850.0,7.45,8.7,8.776666666666666
DEVA_P_WHE0697,2018,,,,
DEVA_P_WHE0697,2025,815.0,7.8999999999999995,13.799999999999999,8.04
DEVA_P_WHI0701,2017,,,,
DEVA_P_WHI0701,2020,,,,
DEVA_P_WHI0701,2024,883.3333333333334,7.960000000000001,15.166666666666666,4.62
DEVA_P_WIL0856,2018,1350.6666666666667,8.22,8.7,0.13999999999999999
DEVA_P_WIL0856,2024,1167.0,7.29,7.3,2.08
DEVA_P_WIN0167,2017,358.3333333333333,7.443333333333333,20.3,3.8866666666666667
DEVA_P_WIN0167,2020,394.59999999999997,7.360000000000001,11.766666666666667,4.523333333333333
DEVA_P_WIN0167,2025,346.8,7.7,16.2,7.09
JOTR_P_BAD0012,2016,,,,
JOTR_P_BAD0012,2019,,,,
JOTR_P_BAD0012,2022,,,,
JOTR_P_BAR0128,2016,,,,
JOTR_P_BAR0128,2017,,,,
JOTR_P_BAR0128,2018,,,,
JOTR_P_BAR0128,2019,,,,
JOTR_P_BAR0128,2020,,,,
JOTR_P_BAR0128,2021,,,,
JOTR_P_BAR0128,2022,,,,
JOTR_P_BAR0128,2024,,,,
JOTR_P_BLA0045,2019,,,,
JOTR_P_BLA0045,2022,,,,
JOTR_P_BOL0226,2016,,,,
JOTR_P_BOL0226,2019,,,,
JOTR_P_BOL0226,2022,,,,
JOTR_P_BUC0131,2016,,,,
JOTR_P_BUC0131,2019,,,,
JOTR_P_BUC0131,2022,,,,
JOTR_P_BUR0015,2016,,,,
JOTR_P_BUZ0084,2017,4833.666666666667,,11.8,8.253333333333334
JOTR_P_BUZ0084,2019,1675.0,7.83,10.0,11.896666666666667
JOTR_P_BUZ0084,2022,1204.0,7.680000000000001,12.12,8.98
JOTR_P_CHU0102,2016,,,,
JOTR_P_CLO0250,2017,137.0,,16.3,6.626666666666666
JOTR_P_CLO0250,2019,,,,
JOTR_P_CLO0250,2023,,,,
JOTR_P_CON0215,2016,,,,
JOTR_P_CON0215,2017,959.0,8.02,9.0,2.5100000000000002
JOTR_P_CON0215,2018,978.3333333333334,7.640000000000001,10.6,4.623333333333333
JOTR_P_CON0215,2019,1339.0,6.916666666666667,11.7,0.9699999999999999
JOTR_P_CON0215,2020,,,,
JOTR_P_CON0215,2021,921.0,6.929999999999999,10.9,2.72
JOTR_P_CON0215,2022,912.0,6.9799999999999995,8.6,4.0
JOTR_P_CON0215,2024,823.0,7.043333333333333,8.266666666666667,4.47
JOTR_P_COT0136,2016,,,,
JOTR_P_COT0136,2019,,,,
JOTR_P_COT0136,2022,,,,
JOTR_P_COT0235,2016,,,,
JOTR_P_COT0235,2019,,,,
JOTR_P_COT0235,2022,824.0,7.33,9.549999999999999,3.3233333333333333
JOTR_P_COT0294,2017,1147.5,7.473333333333334,12.9725,8.388333333333334
JOTR_P_COT0294,2018,1297.6666666666667,7.3,14.0,4.453333333333334
JOTR_P_COT0294,2019,1273.3333333333333,7.043333333333333,14.700000000000001,3.6866666666666665
JOTR_P_COT0294,2021,1255.0,7.110000000000001,16.933333333333334,3.23
JOTR_P_COT0294,2022,1394.0,7.08,14.200000000000001,5.02
JOTR_P_COT0294,2024,1508.0,6.96,12.1,4.8
JOTR_P_COY0033,2016,186.66666666666666,7.62,14.33,5.516666666666667
JOTR_P_COY0033,2019,139.9,7.836666666666666,7.6000000000000005,10.27
JOTR_P_COY0033,2022,133.5,7.6000000000000005,8.2,8.66
JOTR_P_DIK0132,2016,518.0,7.5633333333333335,10.75,4.886666666666667
JOTR_P_DIK0132,2020,,,,
JOTR_P_DIK0132,2022,547.0,6.969999999999999,11.8,1.5633333333333335
JOTR_P_DOV0291,2016,,,,
JOTR_P_DOV0291,2023,,,,
JOTR_P_EAS0160,2016,,,,
JOTR_P_EAS0160,2017,196.66666666666666,8.473333333333334,9.06,7.963333333333333
JOTR_P_EAS0160,2018,179.6,8.323333333333334,9.9,9.816666666666666
JOTR_P_EAS0160,2019,176.7,6.79,6.6000000000000005,9.47
JOTR_P_EAS0160,2020,168.0,6.639999999999999,15.200000000000001,3.0966666666666667
JOTR_P_EAS0160,2021,174.8,,13.9,3.6200000000000006
JOTR_P_EAS0160,2022,170.4,6.62,11.9,2.73
JOTR_P_EAS0160,2023,169.7,6.360000000000001,14.299999999999999,2.433333333333333
JOTR_P_EAS0160,2024,176.73333333333332,6.6000000000000005,14.200000000000001,3.35
JOTR_P_FAN0259,2016,,,,
JOTR_P_FAN0259,2020,,,,
JOTR_P_FAN0259,2023,,,,
JOTR_P_GAR0071,2016,,,,
JOTR_P_GAR0071,2019,,,,
JOTR_P_GAR0071,2023,,,,
JOTR_P_GIB0086,2016,,,,
JOTR_P_GIB0086,2017,,,,
JOTR_P_GIB0086,2018,,,,
JOTR_P_GIB0086,2020,,,,
JOTR_P_GIB0086,2021,,,,
JOTR_P_GIB0086,2022,,,,
JOTR_P_GIB0086,2023,,,,
JOTR_P_GIB0086,2024,,,,
JOTR_P_HAY0052,2016,,,,
JOTR_P_HAY0287,2016,,,,
JOTR_P_HAY0287,2019,,,,
JOTR_P_HAY0287,2022,,,,
JOTR_P_HOR0275,2016,,,,
JOTR_P_HOR0275,2019,,,,
JOTR_P_HOR0275,2022,,,,
JOTR_P_IND0048,2016,,,,
JOTR_P_LIT0207,2016,,,,
JOTR_P_LIT0207,2019,,,,
JOTR_P_LIT0207,2023,,,,
JOTR_P_LON0148,2016,,,,
JOTR_P_LON0148,2019,,,,
JOTR_P_LON0148,2022,,,,
JOTR_P_LON0223,2016,,,,
JOTR_P_LON0223,2019,,,,
JOTR_P_LON0223,2023,,,,
JOTR_P_LOS0014,2016,,,,
JOTR_P_LOS0014,2019,,,,
JOTR_P_LOS0014,2022,,,,
JOTR_P_MEE0191,2017,,,,
JOTR_P_MEE0191,2020,,,,
JOTR_P_MEE0191,2023,,,,
JOTR_P_NOR0083,2016,,,,
JOTR_P_NOR0083,2017,,,,
JOTR_P_NOR0083,2018,,,,
JOTR_P_NOR0083,2019,,,,
JOTR_P_NOR0083,2020,,,,
JOTR_P_NOR0083,2021,,,,
JOTR_P_NOR0083,2023,,,,
JOTR_P_NOR0083,2024,,,,
JOTR_P_NWC0178,2016,,,,
JOTR_P_PEA0019,2016,,,,
JOTR_P_PEA0019,2020,,,,
JOTR_P_PEA0019,2023,,,,
JOTR_P_PET0260,2016,,,,
JOTR_P_PET0260,2017,,,,
JOTR_P_PET0260,2018,,,,
JOTR_P_PET0260,2019,,,,
JOTR_P_PET0260,2020,,,,
JOTR_P_PET0260,2021,,,,
JOTR_P_PET0260,2023,,,,
JOTR_P_PET0260,2024,,,,
JOTR_P_PIN0216,2016,,,,
JOTR_P_PIN0216,2017,,,,
JOTR_P_PIN0216,2018,,,,
JOTR_P_PIN0216,2019,,,,
JOTR_P_PIN0216,2021,,,,
JOTR_P_PIN0216,2022,,,,
JOTR_P_PIN0216,2024,,,,
JOTR_P_PUS0104,2016,,,,
JOTR_P_QUE0109,2017,151.0,,9.5,6.7
JOTR_P_QUE0109,2018,213.83333333333334,7.5200000000000005,11.435,8.136666666666667
JOTR_P_QUE0109,2019,150.26666666666668,8.35,7.2,10.8
JOTR_P_QUE0109,2020,,,,
JOTR_P_QUE0109,2021,,,,
JOTR_P_QUE0109,2022,284.9,8.43,6.3999999999999995,10.42
JOTR_P_QUE0109,2024,482.3,6.33,9.4,5.55
JOTR_P_RAT0101,2016,245.33333333333334,8.06,15.59,7.16
JOTR_P_RAT0101,2019,198.73333333333332,8.386666666666667,9.8,9.84
JOTR_P_RAT0101,2022,271.4,8.3,8.6,10.363333333333333
JOTR_P_RAT0238,2016,,,,
JOTR_P_SAM0018,2016,,,,
JOTR_P_SAM0018,2019,,,,
JOTR_P_SAM0018,2023,,,,
JOTR_P_SMO0029,2016,,,,
JOTR_P_SPA0074,2017,,,,
JOTR_P_SPA0074,2019,,,,
JOTR_P_SPA0074,2023,,,,
JOTR_P_STU0142,2016,,,,
JOTR_P_STU0142,2020,816.3333333333334,7.696666666666667,6.6000000000000005,7.8
JOTR_P_STU0142,2023,,,,
JOTR_P_TUN0233,2016,,,,
JOTR_P_TUN0233,2020,,,,
JOTR_P_TUN0233,2023,,,,
JOTR_P_WES0155,2016,,,,
JOTR_P_WES0155,2019,1147.3333333333333,7.09,8.9,8.023333333333333
JOTR_P_WES0155,2023,1262.0,7.486666666666667,11.0,8.976666666666667
JOTR_P_WES0255,2016,,,,
JOTR_P_WES0255,2018,,,,
JOTR_P_WES0255,2019,,,,
JOTR_P_WES0255,2020,,,,
JOTR_P_WES0255,2021,,,,
JOTR_P_WES0255,2023,,,,
JOTR_P_WES0255,2024,,,,
JOTR_P_WIL0269,2016,,,,
LAKE_P_ARI0003,2021,,,,
LAKE_P_ARI0033,2016,,,,
LAKE_P_ARI0033,2018,3825.3333333333335,7.679999999999999,51.86666666666667,4.5633333333333335
LAKE_P_ARI0033,2021,3837.6666666666665,9.043333333333333,54.6,0.28
LAKE_P_ARI0043,2016,,,,
LAKE_P_ARI0043,2018,,,,
LAKE_P_ARI0043,2021,,,,
LAKE_P_AZT0072,2016,3221.0,7.446666666666666,13.933333333333334,
LAKE_P_AZT0072,2018,,,,
LAKE_P_AZT0072,2021,,,,
LAKE_P_BIG0045,2016,740.0,8.633333333333333,22.44666666666667,8.516666666666667
LAKE_P_BIG0045,2018,683.0,8.31,14.9,9.81
LAKE_P_BIG0045,2021,682.0,8.42,17.2,9.3
LAKE_P_BLA0053,2016,,,,
LAKE_P_BLA0053,2018,,,,
LAKE_P_BLA0053,2021,,,,
LAKE_P_BOY0004,2016,3156.6666666666665,7.509999999999999,26.343333333333334,4.776666666666667
LAKE_P_BOY0004,2018,4492.0,7.803333333333333,42.800000000000004,5.596666666666667
LAKE_P_BOY0004,2021,,,,
LAKE_P_BRI0051,2016,,,,
LAKE_P_BRI0051,2018,,,,
LAKE_P_BRI0051,2021,,,,
LAKE_P_BRI0063,2018,1556.3333333333333,8.129999999999999,18.933333333333334,8.383333333333333
LAKE_P_BRI0063,2021,,,,
LAKE_P_BUR0017,2016,2894.3333333333335,8.15,22.7,0.95
LAKE_P_BUR0017,2018,3220.0,7.733333333333333,25.133333333333336,7.73
LAKE_P_BUR0017,2021,3122.0,7.696666666666667,23.6,7.17
LAKE_P_COR0023,2016,4143.0,7.2,25.650000000000002,0.7233333333333334
LAKE_P_COR0023,2017,3708.3333333333335,7.1433333333333335,27.166666666666668,3.713333333333334
LAKE_P_COR0023,2018,4036.3333333333335,7.1000000000000005,26.46666666666667,3.3366666666666664
LAKE_P_COR0023,2019,4010.3333333333335,6.969999999999999,27.5,2.5366666666666666
LAKE_P_COR0023,2020,4034.0,7.08,23.4,2.6766666666666667
LAKE_P_COR0023,2021,4090.3333333333335,7.593333333333333,24.3,
LAKE_P_COR0023,2022,1413.6666666666667,7.04,26.96666666666667,6.443333333333333
LAKE_P_COR0023,2023,4138.666666666667,6.926666666666666,23.9,2.3033333333333332
LAKE_P_COR0023,2024,4111.0,7.25,20.7,4.476666666666667
LAKE_P_COT0034,2018,,,,
LAKE_P_COT0034,2021,,,,
LAKE_P_COT0034,2022,1819.0,8.22,11.2,10.139999999999999
LAKE_P_COT0087,2016,10896.666666666666,8.49,18.766666666666666,0.19333333333333333
LAKE_P_COT0087,2018,,,,
LAKE_P_COT0087,2021,,,,
LAKE_P_DAW0052,2016,3852.6666666666665,7.306666666666667,13.720000000000002,5.0633333333333335
LAKE_P_DAW0052,2018,4429.333333333333,8.15,17.8,9.709999999999999
LAKE_P_DAW0052,2021,4121.0,7.9,18.2,8.7
LAKE_P_DIS0040,2016,,,,
LAKE_P_DIS0040,2018,,,,
LAKE_P_DIS0040,2021,,,,
LAKE_P_DRI0002,2016,1805.6666666666667,7.673333333333334,12.6,
LAKE_P_DRI0002,2017,,,,
LAKE_P_DRI0002,2018,,,,
LAKE_P_DRI0002,2019,,,,
LAKE_P_DRI0002,2020,,,,
LAKE_P_DRI0002,2021,,,,
LAKE_P_DRI0002,2022,,,,
LAKE_P_DRI0002,2023,,,,
LAKE_P_DRI0002,2024,,,,
LAKE_P_FER0090,2016,3548.3333333333335,7.046666666666666,13.370000000000001,2.6
LAKE_P_FER0090,2018,4089.3333333333335,8.04,15.299999999999999,9.14
LAKE_P_FER0090,2022,4093.0,8.176666666666666,21.7,8.306666666666667
LAKE_P_GET0066,2016,23135.0,8.241666666666667,13.766666666666666,2.898333333333333
LAKE_P_GET0066,2017,19364.666666666668,8.14,8.703333333333333,10.46
LAKE_P_GET0066,2018,13108.0,7.056666666666667,10.266666666666667,1.76
LAKE_P_GET0066,2019,20242.0,7.96,8.3,11.22
LAKE_P_GET0066,2020,22086.0,8.18,7.8,12.5
LAKE_P_GET0066,2021,32395.333333333332,7.639999999999999,14.700000000000001,3.52
LAKE_P_GET0066,2022,,,,
LAKE_P_GET0066,2023,,,,
LAKE_P_GET0066,2024,,,,
LAKE_P_GNA0050,2016,2697.6666666666665,7.023333333333333,20.0,1.1733333333333333
LAKE_P_GNA0050,2017,,,,
LAKE_P_GNA0050,2018,,,,
LAKE_P_GNA0050,2019,5411.666666666667,6.8999999999999995,17.5,2.6333333333333333
LAKE_P_GNA0050,2020,,,,
LAKE_P_GNA0050,2021,,,,
LAKE_P_GNA0050,2022,,,,
LAKE_P_GNA0050,2023,,,,
LAKE_P_GNA0050,2024,,,,
LAKE_P_GRA0048,2016,,,,
LAKE_P_GRA0048,2018,,,,
LAKE_P_GRA0048,2021,,,,
LAKE_P_GRA0058,2016,742.5,8.35,14.546666666666669,4.135
LAKE_P_GRA0058,2017,793.0,8.3,13.17,11.126666666666667
LAKE_P_GRA0058,2018,810.0,8.476666666666667,11.4,10.510000000000002
LAKE_P_GRA0058,2019,795.0,8.19,11.333333333333334,9.903333333333334
LAKE_P_GRA0058,2020,797.0,8.23,13.8,9.36
LAKE_P_GRA0058,2021,819.0,8.313,9.3,10.97
LAKE_P_GRA0058,2022,842.0,8.233333333333333,12.8,9.86
LAKE_P_GRA0058,2023,822.0,8.12,17.2,8.56
LAKE_P_GRA0058,2024,802.0,8.16,12.2,9.576666666666668
LAKE_P_GRA0082,2016,,,,
LAKE_P_GRA0082,2018,,,,
LAKE_P_GRA0082,2021,,,,
LAKE_P_HOR0042,2016,1095.6666666666667,7.213333333333333,16.108333333333334,2.4591666666666665
LAKE_P_HOR0042,2017,1419.6666666666667,7.389999999999999,14.163333333333334,6.859999999999999
LAKE_P_HOR0042,2018,,,,
LAKE_P_HOR0042,2019,,,,
LAKE_P_HOR0042,2020,1259.3333333333333,7.1000000000000005,18.4,2.6333333333333333
LAKE_P_HOR0042,2021,1503.0,6.83,15.700000000000001,4.72
LAKE_P_HOR0042,2022,1425.0,6.993333333333334,15.700000000000001,3.5
LAKE_P_HOR0042,2023,,,,
LAKE_P_HOR0042,2024,,,,
LAKE_P_HOT0065,2016,,,,
LAKE_P_HOT0065,2018,2884.6666666666665,7.676666666666666,46.96666666666667,4.243333333333333
LAKE_P_HOT0065,2021,2918.6666666666665,8.296666666666667,50.4,0.61
LAKE_P_LAT0077,2016,417.6666666666667,7.456666666666667,17.826666666666664,3.5100000000000002
LAKE_P_LAT0077,2018,827.0,8.53,13.6,10.3
LAKE_P_LAT0077,2021,774.0,8.193333333333333,18.3,9.71
LAKE_P_LOS0009,2016,5605.333333333333,7.226666666666667,23.67666666666667,4.113333333333333
LAKE_P_LOS0009,2018,6472.666666666667,8.16,13.200000000000001,10.283333333333333
LAKE_P_LOS0009,2021,5987.333333333333,7.98,13.3,10.152000000000001
LAKE_P_NEV0035,2016,9456.666666666666,7.63,18.996666666666666,4.210000000000001
LAKE_P_NEV0035,2021,,,,
LAKE_P_PAL0047,2016,3298.6666666666665,7.553333333333333,37.02666666666667,8.370000000000001
LAKE_P_PAL0047,2018,4451.333333333333,7.5633333333333335,30.8,5.276666666666666
LAKE_P_PAL0047,2021,4015.3333333333335,8.223333333333334,44.733333333333334,5.08
LAKE_P_PIP0016,2016,,,,
LAKE_P_PIP0016,2017,,,,
LAKE_P_PIP0016,2018,,,,
LAKE_P_PIP0016,2019,,,,
LAKE_P_PIP0016,2020,,,,
LAKE_P_PIP0016,2021,,,,
LAKE_P_PIP0016,2022,,,,
LAKE_P_PIP0016,2023,,,,
LAKE_P_PIP0016,2024,,,,
LAKE_P_PIP0049,2016,,,,
LAKE_P_PIP0049,2018,,,,
LAKE_P_PIP0049,2021,,,,
LAKE_P_PUP0007,2022,1258.0,7.98,32.7,6.493333333333334
LAKE_P_RAT0056,2016,,,,
LAKE_P_RAT0056,2017,,,,
LAKE_P_RAT0056,2018,,,,
LAKE_P_RAT0056,2019,,,,
LAKE_P_RAT0056,2020,,,,
LAKE_P_RAT0056,2021,,,,
LAKE_P_RAT0056,2022,,,,
LAKE_P_RAT0056,2023,,,,
LAKE_P_RAT0056,2024,,,,
LAKE_P_ROG0088,2016,,7.449999999999999,22.3,
LAKE_P_ROG0088,2018,6084.333333333333,7.259999999999999,16.5,6.653333333333334
LAKE_P_ROG0088,2021,8731.0,7.429999999999999,21.5,9.82
LAKE_P_SAC0028,2016,,,12.433333333333334,
LAKE_P_SAC0028,2018,,,,
LAKE_P_SAC0028,2021,,,,
LAKE_P_SAL0019,2016,4020.0,8.066666666666666,31.8,6.296666666666667
LAKE_P_SAL0019,2018,4733.0,7.8966666666666665,31.5,7.2299999999999995
LAKE_P_SAL0019,2021,4683.0,7.94,32.4,7.16
LAKE_P_SAL0060,2016,3003.3333333333335,8.0,15.0,8.166666666666666
LAKE_P_SAL0060,2018,5351.0,7.683333333333334,16.433333333333334,6.916666666666667
LAKE_P_SAL0060,2021,5008.0,7.496666666666667,9.433333333333334,4.87
LAKE_P_SAN0046,2016,1452.6666666666667,7.636666666666666,13.5,3.3433333333333333
LAKE_P_SAN0046,2018,1568.3333333333333,7.4366666666666665,10.4,1.7666666666666666
LAKE_P_SAN0046,2021,1677.0,7.743333333333334,15.299999999999999,2.1
LAKE_P_SAU0022,2016,15.1,7.673333333333334,31.566666666666666,3.8433333333333337
LAKE_P_SAU0022,2018,1648.6666666666667,8.17,32.0,6.76
LAKE_P_SAU0022,2021,1654.0,8.04,32.0,6.98
LAKE_P_SCI0039,2016,5640.0,7.153333333333334,19.9,2.953333333333333
LAKE_P_SCI0039,2018,3764.0,7.223333333333334,22.6,6.62
LAKE_P_SCI0039,2021,,7.79,18.93333333333333,
LAKE_P_SUG0011,2016,,,,
LAKE_P_SUG0011,2017,,,,
LAKE_P_SUG0011,2018,,,,
LAKE_P_SUG0011,2019,,,,
LAKE_P_SUG0011,2020,,,,
LAKE_P_SUG0011,2021,,,,
LAKE_P_SUG0011,2022,,,,
LAKE_P_SUG0011,2023,,,,
LAKE_P_SUG0011,2024,,,,
LAKE_P_VAL0031,2016,,8.2,18.8,4.666666666666667
LAKE_P_VAL0031,2018,15463.0,8.46,13.53,
LAKE_P_VAL0031,2021,16130.0,7.2299999999999995,16.5,8.04
LAKE_P_WHI0030,2016,1406.0,7.916666666666667,27.833333333333332,2.76
LAKE_P_WHI0030,2018,1789.0,8.403333333333334,16.2,8.873333333333333
LAKE_P_WHI0030,2021,,,,
LAKE_P_WIL0061,2016,,,,
LAKE_P_WIL0061,2017,,,,
LAKE_P_WIL0061,2018,,,,
LAKE_P_WIL0061,2019,,,,
LAKE_P_WIL0061,2020,,,,
LAKE_P_WIL0061,2021,,,,
LAKE_P_WIL0061,2022,,,,
LAKE_P_WIL0061,2023,,,,
LAKE_P_WIL0061,2024,,,,
MOJA_P_ARR0003,2016,498.0,8.11,19.71,8.94
MOJA_P_BAR0005,2016,,7.173333333333334,9.533333333333333,
MOJA_P_BAR0005,2019,1010.0,8.293333333333333,7.0,9.933333333333334
MOJA_P_BAR0005,2022,1034.0,8.12,1.7,11.213333333333335
MOJA_P_BAR0006,2016,991.0,8.003333333333334,16.033333333333335,5.656666666666666
MOJA_P_BAR0006,2024,907.0,7.2299999999999995,10.2,1.2633333333333334
MOJA_P_BLA0014,2016,565.6666666666666,9.06,23.8,7.2
MOJA_P_BLA0015,2016,,8.54,16.9,8.143333333333333
MOJA_P_BLA0015,2019,1122.6666666666667,7.976666666666667,6.7,7.496666666666667
MOJA_P_BLA0015,2022,1139.0,7.7,10.1,1.7233333333333334
MOJA_P_BLI0016,2016,1180.0,7.6066666666666665,15.0,2.8533333333333335
MOJA_P_BLI0016,2019,1457.0,7.2299999999999995,13.4,1.8866666666666665
MOJA_P_BLI0016,2022,1573.0,7.17,17.9,3.556666666666666
MOJA_P_BLI0017,2016,,,,
MOJA_P_BOL0018,2016,,,,
MOJA_P_BUD0021,2016,786.0,7.736666666666667,9.533333333333333,10.01
MOJA_P_BUD0021,2019,,,,
MOJA_P_BUD0021,2022,,,,
MOJA_P_BUR0025,2016,1663.6666666666667,7.636666666666666,6.2,0.52
MOJA_P_BUR0025,2019,7316.333333333333,7.469999999999999,10.3,0.43
MOJA_P_BUR0025,2022,2929.0,6.990000000000001,9.9,-0.02
MOJA_P_BUT0027,2016,1203.0,7.403333333333334,9.466666666666667,2.4066666666666667
MOJA_P_BUT0027,2017,1368.0,7.7,9.07,5.39
MOJA_P_BUT0027,2018,1299.0,7.486666666666667,12.966666666666667,3.3899999999999997
MOJA_P_BUT0027,2019,1190.6666666666667,7.613333333333334,8.4,6.429999999999999
MOJA_P_BUT0027,2020,1440.0,7.7,6.766666666666667,8.523333333333333
MOJA_P_BUT0027,2021,1393.0,7.6499999999999995,9.4,8.836666666666666
MOJA_P_BUT0027,2022,1865.5,7.755,6.8999999999999995,6.585
MOJA_P_BUT0027,2023,1817.0,7.7700000000000005,6.1,8.85
MOJA_P_BUT0027,2024,1338.0,7.67,6.8999999999999995,7.493333333333334
MOJA_P_BUT0027,2025,1460.6666666666667,7.389999999999999,12.2,4.226666666666667
MOJA_P_CAB0033,2016,657.3333333333334,7.386666666666666,10.5,4.1899999999999995
MOJA_P_CAN0038,2016,1415.0,8.61,21.733333333333334,13.586666666666666
MOJA_P_CAR0042,2016,,7.85,16.6,6.14
MOJA_P_CAS0043,2016,707.0,,8.9,0.06
MOJA_P_CAS0043,2019,415.3333333333333,7.586666666666666,9.166666666666666,0.2333333333333333
MOJA_P_CAS0043,2022,865.0,7.833333333333333,9.1,0.5
MOJA_P_CAV0045,2016,359.0,7.973333333333334,18.7,
MOJA_P_CED0046,2016,1557.9,7.54,13.0,3.01
MOJA_P_CHI0048,2016,,7.679999999999999,13.413333333333334,3.963333333333334
MOJA_P_CLA0049,2016,,,,
MOJA_P_CLA0049,2019,,,,
MOJA_P_CLA0049,2022,,,,
MOJA_P_CLI0054,2016,285.2,7.1866666666666665,9.7,0.18
MOJA_P_COA0055,2016,,8.053333333333335,11.78,
MOJA_P_COA0055,2017,,,,
MOJA_P_COA0055,2018,,,,
MOJA_P_COA0055,2019,,,,
MOJA_P_COA0055,2020,,,,
MOJA_P_COA0055,2021,,8.05,7.4,4.72
MOJA_P_COA0055,2022,,,,
MOJA_P_COA0055,2023,,,,
MOJA_P_COA0055,2024,,,,
MOJA_P_COA0055,2025,831.3333333333334,7.889999999999999,19.433333333333334,6.793333333333333
MOJA_P_COL0056,2016,,,,
MOJA_P_COL0058,2016,,,,
MOJA_P_COR0060,2016,480.0,7.506666666666666,19.8,4.039999999999999
MOJA_P_COT0063,2016,1089.3333333333333,7.2299999999999995,9.799999999999999,3.04
MOJA_P_COT0063,2019,853.6666666666666,7.786666666666667,8.3,7.426666666666666
MOJA_P_COT0063,2022,1100.0,7.1899999999999995,6.0,1.6500000000000001
MOJA_P_COT0068,2016,1070.3333333333333,7.416666666666667,6.8999999999999995,4.726666666666667
MOJA_P_COV0069,2016,,,,
MOJA_P_COY0072,2016,772.0,7.389999999999999,13.0,2.8099999999999996
MOJA_P_CUT0081,2016,,7.336666666666667,8.6,
MOJA_P_CUT0081,2022,,,,
MOJA_P_DEE0087,2016,552.0,7.63,14.34,2.723333333333333
MOJA_P_DEE0087,2019,625.0,7.66,11.3,5.31
MOJA_P_DEE0087,2022,657.0,,11.5,6.576666666666666
MOJA_P_DES0088,2016,,,,
MOJA_P_DES0088,2019,142.93333333333334,9.146666666666667,7.466666666666666,9.51
MOJA_P_DES0088,2022,,,,
MOJA_P_DOV0090,2016,383.0,7.21,16.7,3.533333333333333
MOJA_P_DOV0090,2019,,,,
MOJA_P_DOV0090,2022,424.56666666666666,7.4799999999999995,16.6,4.083333333333333
MOJA_P_DOV0090,2024,400.8,7.2,16.3,4.746666666666667
MOJA_P_DRI0091,2016,,,,
MOJA_P_DRI0091,2019,,,,
MOJA_P_DRI0091,2022,,,,
MOJA_P_EAG0092,2016,,,,
MOJA_P_EAG0092,2019,338.6333333333333,7.913333333333334,11.0,0.6066666666666667
MOJA_P_EAG0092,2022,,,,
MOJA_P_FAL0095,2016,708.0,7.41,10.0,2.59
MOJA_P_FIN0097,2016,,,,
MOJA_P_GOL0107,2016,,,,
MOJA_P_GOL0107,2019,,,,
MOJA_P_GOL0107,2022,,,,
MOJA_P_GOL0111,2016,753.3333333333334,9.133333333333335,16.5,7.783333333333334
MOJA_P_GOL0111,2019,861.3333333333334,7.463333333333333,15.6,2.273333333333333
MOJA_P_GOL0111,2022,889.0,8.033333333333333,5.2,7.876666666666667
MOJA_P_GRA0112,2016,,,,
MOJA_P_GRA0112,2019,,,,
MOJA_P_GRA0112,2022,1082.0,6.77,17.1,19.12
MOJA_P_HAC0116,2016,,5.463333333333333,15.700000000000001,7.046666666666666
MOJA_P_HAC0116,2019,200.2,7.743333333333334,10.6,7.146666666666667
MOJA_P_HAC0116,2022,221.7,8.3,8.1,5.696666666666667
MOJA_P_HEN0118,2016,,,,
MOJA_P_HEN0118,2017,,,,
MOJA_P_HEN0118,2018,,,,
MOJA_P_HEN0118,2019,,,,
MOJA_P_HEN0118,2020,,,,
MOJA_P_HEN0118,2021,,,,
MOJA_P_HEN0118,2022,,,,
MOJA_P_HEN0118,2023,,,,
MOJA_P_HEN0118,2024,,,,
MOJA_P_HEN0118,2025,,,,
MOJA_P_HOL0119,2016,,,,
MOJA_P_HOL0119,2017,1651.0,7.326666666666667,17.69,1.22
MOJA_P_HOR0121,2016,,,,
MOJA_P_HOR0121,2019,,,,
MOJA_P_HOR0121,2022,,,,
MOJA_P_IND0126,2016,975.6666666666666,8.16,13.200000000000001,8.129999999999999
MOJA_P_IND0126,2019,941.6666666666666,7.640000000000001,6.3,4.486666666666667
MOJA_P_IND0126,2022,2004.6666666666667,6.929999999999999,7.3999999999999995,15.6
MOJA_P_IND0126,2024,811.0,8.12,4.9,12.709999999999999
MOJA_P_JUN0128,2016,1433.6666666666667,7.216666666666666,7.7,2.6533333333333333
MOJA_P_JUN0128,2024,921.0,7.4399999999999995,9.7,1.37
MOJA_P_KES0130,2016,,7.5600000000000005,7.4,0.9699999999999999
MOJA_P_KES0130,2019,1516.0,7.5600000000000005,10.433333333333334,6.913333333333334
MOJA_P_KES0130,2022,1377.0,,9.1,10.76
MOJA_P_KEY0133,2016,,8.59,5.4,8.743333333333332
MOJA_P_LAN0134,2016,,,,
MOJA_P_LEC0135,2019,1662.0,6.9799999999999995,10.200000000000001,6.723333333333334
MOJA_P_LEC0135,2022,,,,
MOJA_P_LEC0135,2024,952.0,7.37,7.0,7.793333333333333
MOJA_P_LIV0136,2016,,6.77,11.5,6.39
MOJA_P_LIV0136,2019,366.3333333333333,8.06,8.533333333333333,9.523333333333333
MOJA_P_LIV0136,2022,1047.0,7.280000000000001,4.4,12.08
MOJA_P_LIV0137,2016,949.6666666666666,7.0200000000000005,13.1,0.19
MOJA_P_MAC0141,2016,,,,
MOJA_P_MAC0141,2017,,,,
MOJA_P_MAC0141,2018,,,,
MOJA_P_MAC0141,2019,,,,
MOJA_P_MAC0141,2020,,,,
MOJA_P_MAC0141,2021,,,,
MOJA_P_MAC0141,2022,,,,
MOJA_P_MAC0141,2023,,,,
MOJA_P_MAC0141,2024,,,,
MOJA_P_MAC0141,2025,,,,
MOJA_P_MAI0142,2016,894.3333333333334,7.38,11.7,2.95
MOJA_P_MAI0142,2024,2958.6666666666665,6.990000000000001,9.3,3.6199999999999997
MOJA_P_MAL0144,2016,,,,
MOJA_P_MAL0144,2024,,,,
MOJA_P_MAR0147,2016,,7.9,24.03333333333333,
MOJA_P_MAR0147,2019,619.3333333333334,7.1033333333333335,16.1,6.8133333333333335
MOJA_P_MAR0147,2022,,,,
MOJA_P_MAT0148,2016,,8.24,10.4,4.206666666666667
MOJA_P_MAT0148,2019,1889.0,8.0,10.299999999999999,17.353333333333335
MOJA_P_MAT0148,2022,1346.0,7.58,6.2,14.9
MOJA_P_MID0153,2016,2131.8333333333335,8.796666666666667,21.0,7.943333333333333
MOJA_P_MID0153,2019,4379.0,8.88,10.1,8.79
MOJA_P_MID0153,2022,,,,
MOJA_P_MIN0151,2016,,,,
MOJA_P_OAK0157,2016,,,,
MOJA_P_OAK0157,2019,,,,
MOJA_P_OAK0157,2022,,,,
MOJA_P_PIU0161,2016,337.0,7.66,25.623333333333335,5.463333333333333
MOJA_P_PRO0165,2016,,,,
MOJA_P_QUA0167,2016,,,,
MOJA_P_ROC0169,2016,,7.73,11.266666666666666,0.8133333333333334
MOJA_P_RUF0171,2016,900.0,8.016666666666667,10.39,10.926666666666666
MOJA_P_RUF0171,2019,1016.3333333333334,7.8999999999999995,9.6,9.626666666666667
MOJA_P_RUF0171,2022,,,,
MOJA_P_SAC0173,2016,,7.283333333333333,12.8,0.24333333333333335
MOJA_P_SAC0173,2017,1518.3333333333333,7.33,7.280000000000001,1.0833333333333333
MOJA_P_SAC0173,2018,3883.0,7.89,10.193333333333333,2.6233333333333335
MOJA_P_SAC0173,2019,1665.3333333333333,7.343333333333333,13.6,1.2933333333333334
MOJA_P_SAC0173,2020,1957.6666666666667,7.389999999999999,8.9,0.07666666666666666
MOJA_P_SAC0173,2021,1459.0,6.866666666666667,12.799999999999999,0.3333333333333333
MOJA_P_SAC0173,2022,1427.0,7.04,11.9,0.3133333333333333
MOJA_P_SAC0173,2023,1484.3333333333333,7.256666666666666,14.5,5.8566666666666665
MOJA_P_SAC0173,2024,1364.0,7.203333333333334,14.700000000000001,9.486666666666668
MOJA_P_SAC0173,2025,1651.0,7.29,24.233333333333334,7.0600000000000005
MOJA_P_SHE0176,2016,557.6666666666666,7.723333333333334,12.0,5.246666666666667
MOJA_P_SHE0176,2019,635.0,7.846666666666666,12.6,2.9
MOJA_P_SHE0176,2022,642.0,6.969999999999999,11.0,0.06333333333333334
MOJA_P_SIL0178,2016,,,,
MOJA_P_SIL0178,2019,,,,
MOJA_P_SIL0178,2022,,,,
MOJA_P_SIL0180,2016,,7.35,16.4,1.9666666666666668
MOJA_P_SIL0180,2019,1074.0,7.3,15.4,3.6199999999999997
MOJA_P_SIL0180,2022,1063.6666666666667,7.240000000000001,15.799999999999999,3.306666666666666
MOJA_P_SLA0181,2016,,,,
MOJA_P_SLA0181,2019,,,,
MOJA_P_SLA0181,2022,,,,
MOJA_P_SLA0181,2024,,,,
MOJA_P_TAL0187,2016,,,,
MOJA_P_TAL0187,2017,,,,
MOJA_P_TAL0187,2018,,,,
MOJA_P_TAL0187,2019,,,,
MOJA_P_TAL0187,2020,,,,
MOJA_P_TAL0187,2021,,,,
MOJA_P_TAL0187,2022,,,,
MOJA_P_TAL0187,2023,,,,
MOJA_P_TAL0187,2024,,,,
MOJA_P_TAL0187,2025,,,,
MOJA_P_TAY0188,2016,,,,
MOJA_P_TAY0188,2024,,,,
MOJA_P_TWI0189,2016,,8.790000000000001,25.5,12.373333333333333
MOJA_P_TWI0190,2016,,,,
MOJA_P_TWI0190,2019,,,,
MOJA_P_TWI0190,2022,,,,
MOJA_P_UNN0013,2016,,,,
MOJA_P_UNN0013,2019,805.0,8.883333333333335,15.299999999999999,12.49
MOJA_P_UNN0013,2022,,,,
MOJA_P_UNN0014,2016,,,,
MOJA_P_UNN0014,2018,,,,
MOJA_P_UNN0014,2019,,,,
MOJA_P_UNN0014,2020,,,,
MOJA_P_UNN0014,2021,,,,
MOJA_P_UNN0014,2022,,,,
MOJA_P_UNN0014,2023,,,,
MOJA_P_UNN0014,2024,,,,
MOJA_P_UNN0014,2025,,,,
MOJA_P_UNN0026,2016,1068.6666666666667,7.806666666666667,13.293333333333333,7.516666666666667
MOJA_P_UNN0027,2016,1997.0,7.543333333333333,7.076666666666667,3.976666666666667
MOJA_P_UNN0030,2016,650.0,7.109999999999999,12.3,5.676666666666667
MOJA_P_UNN0030,2019,715.0,7.13,12.700000000000001,1.95
MOJA_P_UNN0030,2022,695.0,6.95,10.0,3.5
MOJA_P_UNN0210,2016,,,,
MOJA_P_VAN0211,2016,331.0,8.596666666666666,17.986666666666665,15.943333333333332
MOJA_P_VON0212,2016,,8.77,22.5,8.31
MOJA_P_VON0212,2017,509.0,7.906666666666666,12.946666666666665,18.23
MOJA_P_VON0212,2018,1046.0,8.37,11.383333333333335,12.6
MOJA_P_VON0212,2019,1249.0,8.343333333333332,13.299999999999999,11.51
MOJA_P_VON0212,2020,754.0,8.43,9.4,13.120000000000001
MOJA_P_VON0212,2021,1266.6666666666667,8.38,11.2,9.816666666666666
MOJA_P_VON0212,2022,2625.6666666666665,8.02,15.299999999999999,6.37
MOJA_P_VON0212,2023,658.3333333333334,7.469999999999999,4.7,5.533333333333333
MOJA_P_VON0212,2024,470.09999999999997,9.26,18.7,21.0
MOJA_P_VON0212,2025,612.6666666666666,6.88,14.9,2.02
MOJA_P_WAR0215,2016,,,,
MOJA_P_WAY0217,2016,,7.766666666666667,12.6,3.5366666666666666
MOJA_P_WAY0217,2024,154.9,7.430000000000001,11.9,9.02
MOJA_P_WHI0219,2016,2076.6666666666665,7.746666666666667,9.7,4.876666666666667
MOJA_P_WHI0220,2016,,8.13,7.533333333333333,
MOJA_P_WHI0220,2022,,,,
MOJA_P_WIL0221,2016,,,,
MOJA_P_WIL0222,2016,,,,
MOJA_P_WIL0222,2019,,,,
MOJA_P_WIL0222,2022,,,,
MOJA_P_WIL0223,2016,,7.779999999999999,11.766666666666667,
MOJA_P_WIL0223,2017,,,,
MOJA_P_WIL0223,2018,,,,
MOJA_P_WIL0223,2019,,,,
MOJA_P_WIL0223,2020,,,,
MOJA_P_WIL0223,2021,,,,
MOJA_P_WIL0223,2022,,,,
MOJA_P_WIL0223,2023,,,,
MOJA_P_WIL0223,2024,2680.6666666666665,7.406666666666667,8.4,5.263333333333333
MOJA_P_WIL0223,2025,,,,
MOJA_P_WIL0224,2016,950.0,7.33,14.140000000000002,3.273333333333333
MOJA_P_WIL0224,2017,,,,
MOJA_P_WIL0224,2018,,,,
MOJA_P_WIL0224,2019,1033.6666666666667,7.973333333333334,19.2,7.34
MOJA_P_WIL0224,2020,1056.0,7.286666666666667,9.3,4.593333333333333
MOJA_P_WIL0224,2021,1475.6666666666667,8.09,11.3,7.136666666666667
MOJA_P_WIL0224,2022,1109.0,7.276666666666666,14.700000000000001,5.19
MOJA_P_WIL0224,2023,1043.6666666666667,7.513333333333333,14.700000000000001,7.719999999999999
MOJA_P_WIL0224,2024,1067.0,7.14,13.233333333333333,6.19
MOJA_P_WIL0224,2025,1027.3333333333333,7.6899999999999995,21.4,9.826666666666668
MOJA_P_WIL0225,2016,,7.17,12.233333333333333,
MOJA_P_WIN0230,2016,,,,
MOJA_P_WOO0238,2016,,8.783333333333333,15.5,6.3
PARA_P_AMB0118,2017,133.0,8.686666666666667,8.2,3.46
PARA_P_AMB0118,2023,158.8,7.91,14.0,8.043333333333333
PARA_P_AND0040,2017,,,,
PARA_P_AND0040,2023,1182.0,7.63,10.1,6.696666666666666
PARA_P_BLA0031,2017,722.3333333333334,7.679999999999999,17.89,5.35
PARA_P_BLA0031,2020,711.0,7.62,19.066666666666666,7.55
PARA_P_BLA0031,2023,687.0,7.360000000000001,18.6,5.83
PARA_P_BUR0108,2017,9965.0,7.860000000000001,16.133333333333333,7.1433333333333335
PARA_P_BUR0149,2017,,,,
PARA_P_BUR0149,2020,,,,
PARA_P_BUR0149,2023,,,,
PARA_P_CAN0208,2017,,,,
PARA_P_CAN0222,2017,373.0,7.516666666666667,12.653333333333334,3.3166666666666664
PARA_P_CAN0222,2023,382.8666666666667,7.59,13.9,6.3566666666666665
PARA_P_CED0141,2017,,,,
PARA_P_CED0141,2020,,,,
PARA_P_CED0141,2023,,,,
PARA_P_CHI0190,2017,911.0,7.610000000000001,15.423333333333332,5.68
PARA_P_CHI0190,2023,891.0,7.429999999999999,16.5,6.483333333333333
PARA_P_COC0029,2017,3059.0,7.5600000000000005,17.71,8.9
PARA_P_COC0029,2023,3135.0,7.09,13.5,4.31
PARA_P_COL0136,2017,,7.876666666666667,7.5166666666666675,
PARA_P_COL0136,2023,345.26666666666665,7.81,6.1,8.496666666666666
PARA_P_COT0176,2017,556.0,7.5600000000000005,11.223333333333334,4.2
PARA_P_COT0176,2023,154.93333333333334,8.0,23.6,7.3999999999999995
PARA_P_COV0205,2017,,,,
PARA_P_COV0205,2020,,,,
PARA_P_COV0205,2023,,,,
PARA_P_COY0069,2016,437.0,7.826666666666667,12.4,1.9766666666666666
PARA_P_COY0069,2017,462.0,7.703333333333334,11.083333333333334,3.8400000000000003
PARA_P_COY0069,2018,473.0,7.533333333333334,12.700000000000001,3.3933333333333335
PARA_P_COY0069,2019,477.8,7.8966666666666665,12.3,2.4833333333333334
PARA_P_COY0069,2021,458.5,7.743333333333334,12.5,3.16
PARA_P_COY0069,2022,472.09999999999997,7.490000000000001,12.6,3.23
PARA_P_COY0069,2023,816.0,7.639999999999999,10.8,1.1133333333333335
PARA_P_COY0069,2024,446.7,7.75,10.4,4.28
PARA_P_COY0069,2025,462.26666666666665,7.5600000000000005,13.1,4.92
PARA_P_COY0179,2017,,,,
PARA_P_DEA0022,2017,1018.0,7.4799999999999995,12.07,5.16
PARA_P_DEA0145,2017,133.66666666666666,7.7299999999999995,10.85,6.13
PARA_P_DEW0155,2017,1588.0,7.553333333333333,6.719999999999999,4.68
PARA_P_DEW0155,2023,2048.3333333333335,7.17,9.533333333333333,4.456666666666667
PARA_P_EDS0199,2017,,,,
PARA_P_EDS0199,2020,,,,
PARA_P_EDS0199,2023,,,,
PARA_P_GOR0124,2017,,7.996666666666666,11.833333333333334,
PARA_P_GOR0124,2023,1277.6666666666667,7.743333333333334,9.2,8.746666666666666
PARA_P_GRA0089,2017,773.3333333333334,7.2,16.253333333333334,1.7
PARA_P_GRA0089,2020,755.0,7.326666666666667,20.366666666666667,3.5699999999999994
PARA_P_GRA0089,2023,671.0,7.240000000000001,21.3,3.6400000000000006
PARA_P_GRA0196,2017,,8.246666666666666,19.9,
PARA_P_GRE0012,2016,94.0,7.486666666666667,17.8,3.2199999999999998
PARA_P_GRE0012,2017,,,,
PARA_P_GRE0012,2018,,7.9366666666666665,20.46666666666667,8.833333333333334
PARA_P_GRE0012,2019,116.43333333333334,9.096666666666666,15.299999999999999,9.93
PARA_P_GRE0012,2021,129.9,7.84,13.9,7.679999999999999
PARA_P_GRE0012,2022,72.73333333333333,8.846666666666666,14.1,10.82
PARA_P_GRE0012,2023,181.16666666666666,8.55,21.3,10.35
PARA_P_GRE0012,2024,190.36666666666667,7.530000000000001,22.3,7.6000000000000005
PARA_P_GRE0012,2025,250.53333333333333,7.8533333333333335,13.299999999999999,9.1
PARA_P_GYP0088,2017,8271.0,7.719999999999999,16.54,10.793333333333333
PARA_P_GYP0088,2023,,,,
PARA_P_HID0019,2017,525.0,7.783333333333334,11.076666666666668,8.143333333333333
PARA_P_HID0019,2023,533.0,7.87,10.6,9.18
PARA_P_IDE0009,2017,3788.0,7.3133333333333335,9.34,3.8600000000000003
PARA_P_IDE0158,2017,,,,
PARA_P_IDE0158,2023,4904.0,7.1033333333333335,12.700000000000001,1.19
PARA_P_IDE0203,2016,3898.3333333333335,7.93,13.133333333333333,3.966666666666667
PARA_P_IDE0203,2017,,,,
PARA_P_IDE0203,2018,4003.3333333333335,7.913333333333334,10.379999999999999,7.543333333333333
PARA_P_IDE0203,2019,5807.666666666667,7.780000000000001,10.6,8.89
PARA_P_IDE0203,2021,3980.6666666666665,8.03,16.6,12.813333333333334
PARA_P_IDE0203,2022,3977.0,7.65,11.1,7.41
PARA_P_IDE0203,2023,5300.0,7.34,9.9,5.586666666666666
PARA_P_IDE0203,2024,3841.3333333333335,7.816666666666666,6.3999999999999995,5.1899999999999995
PARA_P_IDE0203,2025,4199.666666666667,7.240000000000001,11.8,4.306666666666667
PARA_P_JUM0125,2016,,,,
PARA_P_JUM0125,2017,,,,
PARA_P_JUM0125,2018,564.0,8.066666666666666,15.91,8.139999999999999
PARA_P_JUM0125,2019,581.0,8.04,17.3,9.626666666666667
PARA_P_JUM0125,2021,549.3333333333334,7.796666666666666,10.9,5.476666666666667
PARA_P_JUM0125,2022,619.0,7.406666666666666,11.3,1.8399999999999999
PARA_P_JUM0125,2023,570.0,7.3100000000000005,14.299999999999999,6.34
PARA_P_JUM0125,2024,525.0,7.54,12.1,9.18
PARA_P_JUM0125,2025,567.0,7.816666666666666,17.1,10.74
PARA_P_LAS0078,2017,,,,
PARA_P_LAS0102,2017,,8.246666666666666,7.933333333333334,
PARA_P_LAS0102,2023,424.3333333333333,8.120000000000001,7.8999999999999995,9.26
PARA_P_LAV0006,2017,99.33333333333333,9.88,8.883333333333335,18.98
PARA_P_LAV0006,2023,90.7,8.79,8.7,12.17
PARA_P_LIM0080,2016,,,,
PARA_P_LIM0080,2017,980.3333333333334,7.530000000000001,15.549999999999999,8.943333333333333
PARA_P_LIM0080,2018,721.3333333333334,7.569999999999999,10.666666666666666,8.326666666666668
PARA_P_LIM0080,2019,794.0,7.859999999999999,14.5,7.2
PARA_P_LIM0080,2020,742.0,7.8,12.866666666666667,8.23
PARA_P_LIM0080,2021,767.6666666666666,7.38,11.7,8.15
PARA_P_LIM0080,2022,837.3333333333334,7.47,10.8,5.456666666666666
PARA_P_LIM0080,2023,743.0,7.31,10.4,6.473333333333334
PARA_P_LIM0080,2024,748.3333333333334,7.469999999999999,12.700000000000001,6.63
PARA_P_LIM0080,2025,801.3333333333334,7.3,15.066666666666668,5.923333333333333
PARA_P_LIN0020,2017,545.0,7.866666666666667,11.05,8.193333333333333
PARA_P_LIN0020,2018,530.3333333333334,7.38,11.833333333333334,8.436666666666667
PARA_P_LIN0020,2019,549.3333333333334,8.036666666666665,11.3,8.54
PARA_P_LIN0020,2021,525.0,8.1,10.7,8.77
PARA_P_LIN0020,2022,422.43333333333334,7.58,10.1,8.846666666666666
PARA_P_LIN0020,2023,556.0,7.62,9.4,8.99
PARA_P_LIN0020,2024,541.0,7.67,10.5,8.32
PARA_P_LIN0020,2025,540.0,7.63,11.7,8.67
PARA_P_LIT0048,2017,7039.333333333333,8.2,7.223333333333334,7.5200000000000005
PARA_P_LIT0048,2023,10769.333333333334,7.780000000000001,18.9,10.233333333333333
PARA_P_LIT0087,2016,,7.5,20.1,
PARA_P_LIT0087,2017,,7.566666666666666,20.56666666666667,
PARA_P_LIT0087,2018,656.0,7.25,20.066666666666666,2.75
PARA_P_LIT0087,2019,952.6666666666666,7.473333333333334,18.5,1.5933333333333333
PARA_P_LIT0087,2020,732.6666666666666,7.25,20.2,1.5066666666666668
PARA_P_LIT0087,2021,612.0,7.386666666666666,19.6,2.796666666666667
PARA_P_LIT0087,2022,642.0,7.110000000000001,20.966666666666665,2.7433333333333336
PARA_P_LIT0087,2023,653.0,7.236666666666667,20.9,1.43
PARA_P_LIT0087,2024,661.0,7.55,20.3,5.756666666666666
PARA_P_LIT0087,2025,,,,
PARA_P_LOW0152,2016,203.66666666666666,8.553333333333335,9.833333333333334,6.506666666666666
PARA_P_LOW0152,2017,251.66666666666666,8.52,13.466666666666667,5.426666666666667
PARA_P_LOW0152,2018,,8.57,9.866666666666667,10.730000000000002
PARA_P_LOW0152,2019,212.73333333333335,8.883333333333335,7.0,8.91
PARA_P_LOW0152,2021,149.29999999999998,9.413333333333334,9.833333333333334,11.33
PARA_P_LOW0152,2022,118.5,9.39,5.766666666666667,11.49
PARA_P_LOW0152,2023,203.5,8.92,4.9,9.4
PARA_P_LOW0152,2024,269.06666666666666,8.48,10.2,9.15
PARA_P_LOW0152,2025,358.8333333333333,7.916666666666667,5.9,4.516666666666667
PARA_P_MAP0110,2017,2043.0,8.05,7.106666666666667,10.883333333333333
PARA_P_MAP0110,2023,2380.0,7.836666666666666,6.9,8.836666666666666
PARA_P_MID0173,2017,,,15.9,
PARA_P_MT.0028,2017,,,,
PARA_P_MT.0028,2023,1231.3333333333333,7.45,11.9,12.726666666666665
PARA_P_MUD0066,2017,3371.0,7.4799999999999995,12.92,3.14
PARA_P_MUS0197,2016,4735.0,7.573333333333334,16.466666666666665,4.913333333333334
PARA_P_MUS0197,2017,6949.0,7.320000000000001,12.950000000000001,4.38
PARA_P_MUS0197,2018,,,,
PARA_P_MUS0197,2019,7451.0,6.88,15.200000000000001,4.33
PARA_P_MUS0197,2021,4933.0,6.956666666666667,12.700000000000001,2.2199999999999998
PARA_P_MUS0197,2022,,,,
PARA_P_MUS0197,2023,8627.333333333334,7.263333333333333,13.700000000000001,4.586666666666666
PARA_P_MUS0197,2024,5870.333333333333,7.0,12.4,4.54
PARA_P_MUS0197,2025,,,,
PARA_P_ORS0041,2017,,7.360000000000001,8.666666666666666,
PARA_P_ORS0041,2023,1708.0,7.530000000000001,8.9,4.016666666666667
PARA_P_PAI0005,2017,474.6666666666667,8.203333333333333,14.18,5.763333333333333
PARA_P_PAI0005,2023,670.0,7.21,12.799999999999999,1.8
PARA_P_PAI0015,2017,,,,
PARA_P_PIG0023,2017,506.0,8.18,11.036666666666665,11.63
PARA_P_PIG0023,2023,527.0,8.09,11.1,8.83
PARA_P_PIG0147,2017,507.0,8.33,11.973333333333334,12.326666666666668
PARA_P_PIG0147,2023,552.0,8.376666666666667,12.3,8.15
PARA_P_POC0010,2017,1382.3333333333333,8.356666666666667,13.459999999999999,12.99
PARA_P_POC0010,2023,1814.6666666666667,8.24,15.1,6.6499999999999995
PARA_P_POC0050,2017,,,,
PARA_P_POC0050,2023,432.0333333333333,7.523333333333333,10.1,9.59
PARA_P_POC0116,2017,4113.0,7.139999999999999,10.663333333333334,4.406666666666666
PARA_P_POC0116,2023,4523.0,7.39,13.2,3.08
PARA_P_RAT0212,2017,,7.809999999999999,11.8,
PARA_P_RAT0212,2023,570.0,7.346666666666667,12.7,8.683333333333334
PARA_P_RED0071,2017,567.0,7.1000000000000005,10.41,0.6866666666666668
PARA_P_RED0071,2020,474.26666666666665,7.070000000000001,11.5,0.55
PARA_P_RED0071,2023,548.0,7.16,9.4,1.11
PARA_P_SAL0085,2017,,7.533333333333333,12.5,
PARA_P_SAN0135,2017,443.3333333333333,8.483333333333333,12.693333333333332,14.200000000000001
PARA_P_SAN0135,2023,475.40000000000003,7.5,9.9,2.2333333333333334
PARA_P_SOU0178,2017,,,,
PARA_P_SOU0178,2020,,,,
PARA_P_SOU0178,2023,,,,
PARA_P_WHI0054,2017,4052.6666666666665,7.1499999999999995,10.563333333333333,4.416666666666667
PARA_P_WHI0054,2020,4297.0,7.33,12.6,6.5200000000000005
PARA_P_WHI0054,2023,4124.666666666667,6.9799999999999995,10.4,4.45
PARA_P_YEL0068,2016,,,,
PARA_P_YEL0068,2017,,7.720000000000001,10.833333333333334,
PARA_P_YEL0068,2018,,,,
PARA_P_YEL0068,2019,1117.0,7.8566666666666665,11.2,6.776666666666666
PARA_P_YEL0068,2021,,,,
PARA_P_YEL0068,2022,,,,
PARA_P_YEL0068,2023,886.0,7.359999999999999,11.9,2.58
PARA_P_YEL0068,2024,979.0,7.37,5.8,4.2
PARA_P_YEL0068,2025,533.0,8.44,21.2,13.076666666666668
